{
	"display": {
		"icon": {
			"item": "minecraft:stone"
		},
		"title": "\"维度的探索者\"",
		"description": "走遍天下维度",
		"background": "stone",
		"frame": "challenge",
		"show_toast": true,
		"announce_to_chat": true,
		"hidden": false
	},
	"parent": "minecraft:adventure/root",
	"criteria": {
		"minecraft:changed_dimension": {
			"trigger": "minecraft:changed_dimension",
			"conditions": {
				"from": "minecraft:overworld",
				"to": "minecraft:the_end"
			}
		}
	},
	"rewards": {
		"loot": [
			"minecraft:acacia_button"
		],
		"experience": 100
	}
}
