{
	"display": {
		"icon": {
			"item": "minecraft:grass_block"
		},
		"title": "开路者",
		"description": "将草地变成草茎,奖励100经验值,+1钻石块",
		"frame": "task",
		"show_toast": true,
		"announce_to_chat": true,
		"hidden": false
	},
	"parent": "odf:odf_adv_one",
	"criteria": {
		"item_a_one": {
			"trigger": "minecraft:item_used_on_block",
			"conditions": {
				"location": {
					"block": {
						"blocks": [
							"minecraft:grass_block"
						]
					}
				}
			}
		}
	},
	"rewards": {
		"loot": [
			"minecraft:blocks/diamond_block"
		],
		"experience": 100
	}
}
