{
	"display": {
		"icon": {
			"item": "minecraft:stone"
		},
		"title": "隐身者",
		"description": "获得隐身状态1刻,奖励100经验值,加原木*1",
		"background": "stone",
		"frame": "task",
		"show_toast": true,
		"announce_to_chat": true,
		"hidden": false
	},
	"parent": "minecraft:adventure/root",
	"criteria": {
		"minecraft:changed_dimension": {
			"trigger": "minecraft:effects_changed",
			"conditions": {
				"effects": {
					"minecraft:invisibility": {
						"amplifier": 1,
						"duration": 1,
						"ambient": false,
						"visible": true
					}
				}
			}
		}
	},
	"rewards": {
		"loot": [
			"minecraft:blocks/acacia_log"
		],
		"experience": 100
	}
}
