{
	"display": {
		"icon": {
			"item": "minecraft:stone_hoe"
		},
		"title": "奸商的套路",
		"description": "与村民交易一把石斧,奖励100经验值",
		"frame": "task",
		"show_toast": true,
		"announce_to_chat": true,
		"hidden": false
	},
	"parent": "odf:odf_adv_one",
	"criteria": {
		"item_start": {
			"trigger": "minecraft:villager_trade",
			"conditions": {
				"item": {
					"items": [
						"minecraft:stone_axe"
					]
				}
			}
		}
	},
	"rewards": {
		"experience": 100
	}
}