{
	"display": {
		"icon": {
			"item": "minecraft:netherite_block"
		},
		"title": "\"罪恶的地方\"",
		"description": "去一次地狱",
		"background": "stone",
		"frame": "task",
		"show_toast": true,
		"announce_to_chat": true,
		"hidden": false
	},
	"parent": "odf:odf_adv_one",
	"criteria": {
		"minecraft:changed_dimension": {
			"trigger": "minecraft:changed_dimension",
			"conditions": {
				"from": "minecraft:overworld",
				"to": "minecraft:the_nether"
			}
		}
	},
	"rewards": {
		"loot": [
			"minecraft:end_portal_frame"
		],
		"experience": 100
	}
}
